USE Troho;

INSERT INTO HousingLocations (housingType, locationName, textAddress, description, amenities, imageURLs, floorplanURLs, gpsLatitude, gpsLongitude, minutesWalking, minutesBiking) VALUES (1, 'The Lorenzo', '325 W Adams Blvd', 'Luxurious apartments slightly far from USC campus.', '* Pool <br> * Gym <br> * Laundry room', './img/LocationImages/lorenzo.jpeg', './img/LocationFloorplans/lorenzo.png', '34.027462', '-118.272988', 20, 10);
INSERT INTO HousingLocations (housingType, locationName, textAddress, description, amenities, imageURLs, floorplanURLs, gpsLatitude, gpsLongitude, minutesWalking, minutesBiking) VALUES (1, 'Icon Plaza', '3584 S Figueroa St', 'Small apartment series across the street from campus.', '* Pool <br> * Gym <br> * Laundry room', './img/LocationImages/iconplaza.jpeg', './img/LocationFloorplans/iconplaza.png', '34.0184869', '-118.2824651', 5, 3);
INSERT INTO HousingLocations (housingType, locationName, textAddress, description, amenities, imageURLs, floorplanURLs, gpsLatitude, gpsLongitude, minutesWalking, minutesBiking) VALUES (1, 'Tuscany', '3770 S. Figueroa St.', 'Large and quite luxurious apartments right off the southeast corner of USC.', '* Pool <br> * Gym <br> * Laundry room', './img/LocationImages/tuscany.jpeg', './img/LocationFloorplans/Images/tuscany.png', '34.017273', '-118.28239', 7, 4);
INSERT INTO HousingLocations (housingType, locationName, textAddress, description, amenities, imageURLs, floorplanURLs, gpsLatitude, gpsLongitude, minutesWalking, minutesBiking) VALUES (1, 'Gateway Apartments', '124 30th St', 'A very convenient apartment series just north of campus.', '* Pool <br> * Gym <br> * Laundry room', './img/LocationImages/gateway.jpeg', './img/LocationFloorplans/gateway.jpeg', '34.022865', '-118.279812', 6, 4);
INSERT INTO HousingLocations (housingType, locationName, textAddress, description, amenities, imageURLs, floorplanURLs, gpsLatitude, gpsLongitude, minutesWalking, minutesBiking) VALUES (1, 'Troy East', '3025 Royal St', 'Troy East is a large apartment building that is very popular with returning undergraduates. The building features multiple configurations that offer the privacy of a two person apartment or the economy and social benefits of a five person, two-bedroom apartment. The five person apartments have a bedroom for two residents and a bedroom for three.', '* Pool <br> * Gym <br> * Laundry room', './img/LocationImages/troyeast.jpg', './img/LocationFloorplans/troyeast.jpg', '34.0255435', '-118.2819783', 10, 5);
INSERT INTO HousingLocations (housingType, locationName, textAddress, description, amenities, imageURLs, floorplanURLs, gpsLatitude, gpsLongitude, minutesWalking, minutesBiking) VALUES (1, 'Cardinal Gardens', '3131 S. McClintock Ave', 'Cardinal Gardens is an extremely popular apartment complex consisting of nine individual townhouse-style buildings connected by winding, tree-lined walkways. This energetic community is home to upperclassmen, as well as freshmen, housed in fully furnished one and two-bedroom apartments. Each apartment has a full kitchen and bathroom and a spacious, air-conditioned living room. All units were recently upgraded with new furniture and laminate flooring.', '* Pool <br> * Gym <br> * Laundry room', './img/LocationImages/cardinalgardens.jpg', './img/LocationFloorplans/cardinalgardens.jpg', '34.026087', '-118.287176', 6, 4);
INSERT INTO HousingLocations (housingType, locationName, textAddress, description, amenities, imageURLs, floorplanURLs, gpsLatitude, gpsLongitude, minutesWalking, minutesBiking) VALUES (2, 'Pardee Tower', '614 Hellman Way', 'Pardee Tower was built as part of USC’s commitment to the Olympic Village for the 1984 Summer Games. This eight-floor coed residence hall, close to Doheny Library and McCarthy Quad, alternates genders by floor. Each floor has 18 double rooms, a common bathroom and a laundry facility.', '* Pool <br> * Gym <br> * Laundry room', './img/LocationImages/pardee.jpg', './img/LocationFloorplans/pardee.jpg', '34.020011', '-118.282598', 3, 1);
INSERT INTO HousingLocations (housingType, locationName, textAddress, description, amenities, imageURLs, floorplanURLs, gpsLatitude, gpsLongitude, minutesWalking, minutesBiking) VALUES (2, 'Trojan Hall', '615 Childs Way', 'Three-story Trojan Hall is one of the four residence halls that make up the South Area Residential College freshman living area. It\'s close to Popovich Café, the Ground Zero coffeehouse and the Leavey and Doheny libraries.', '* Pool <br> * Gym <br> * Laundry room', './img/LocationImages/trojanhall.jpg', './img/LocationFloorplans/trojanhall.jpg', '34.0193411', '-118.2824477', 3, 1);
INSERT INTO HousingLocations (housingType, locationName, textAddress, description, amenities, imageURLs, floorplanURLs, gpsLatitude, gpsLongitude, minutesWalking, minutesBiking) VALUES (2, 'New Residential College', '635 McCarthy Way', 'New/North’s typical resident is an active scholar looking for a sense of community and modern conveniences, who wants the traditional residence hall experience for their first year at college.', '* Pool <br> * Gym <br> * Laundry room', './img/LocationImages/new.jpg', './img/LocationFloorplans/new.jpg', '34.021250', '-118.281289', 4, 2);
INSERT INTO HousingLocations (housingType, locationName, textAddress, description, amenities, imageURLs, floorplanURLs, gpsLatitude, gpsLongitude, minutesWalking, minutesBiking) VALUES (2, 'North Residential College', '635 McCarthy Way', 'Despite its name, New Residential College is one of USC\'s oldest housing facilities, a place steeped in tradition that combines classic residence hall architecture with modern amenities and forward-looking programs.', '* Pool <br> * Gym <br> * Laundry room', './img/LocationImages/north.jpg', './img/LocationFloorplans/new.jpg', '34.021250', '-118.281289', 4, 2);
INSERT INTO HousingLocations (housingType, locationName, textAddress, description, amenities, imageURLs, floorplanURLs, gpsLatitude, gpsLongitude, minutesWalking, minutesBiking) VALUES (3, 'Widney Alumni House', '635 Childs Way', 'While this isn\'t an actual house we can live in, we can pretend..', '* Pool <br> * Gym <br> * Laundry room', './img/LocationImages/widney.jpg', './img/LocationFloorplans/new.jpg', '34.019525', '-118.282866', 2, 1);
INSERT INTO HousingLocations (housingType, locationName, textAddress, description, amenities, imageURLs, floorplanURLs, gpsLatitude, gpsLongitude, minutesWalking, minutesBiking) VALUES (3, 'SAL', '920 W 37th Pl', 'We\'ve spent enough time on this project to live on campus..', '* Pool <br> * Gym <br> * Laundry room', './img/LocationImages/sal.jpg', './img/LocationFloorplans/new.jpg', '34.019493', '-118.289539', 2, 1);
SELECT * FROM HousingLocations;

INSERT INTO Users (name, housingKey, email, facebookID, imageURL, isAdmin, verifiedEmail) VALUES ('Tommy Trojan', 11, 'tt@usc.edu', '3weuhfdsu2j34f1d4','http://upload.wikimedia.org/wikipedia/commons/thumb/f/f1/Trojan_shrine.jpg/440px-Trojan_shrine.jpg', false, true);
INSERT INTO Users (name, housingKey, email, facebookID, imageURL, isAdmin, verifiedEmail) VALUES ('Jeffrey Miller', 11, 'jm@usc.edu', '4weuhfdsu2j34f1d4','http://www-scf.usc.edu/~csci201/images/jeffrey_miller.jpg', false, true);
INSERT INTO Users (name, housingKey, email, facebookID, imageURL, isAdmin, verifiedEmail) VALUES ('Jason Gui', 1, 'jg@usc.edu', '5weuhfdsu2j34f1d4','http://www-scf.usc.edu/~csci201/images/jason_gui.png', false, true);
INSERT INTO Users (name, housingKey, email, facebookID, imageURL, isAdmin, verifiedEmail) VALUES ('Matt Carey', 4, 'mc@usc.edu', '2weuhfdsu2j34f1d4','http://www-scf.usc.edu/~csci201/images/matt_carey.jpg', false, true);
INSERT INTO Users (name, housingKey, email, facebookID, imageURL, isAdmin, verifiedEmail) VALUES ('Ford Filer', 3, 'ff@usc.edu', '2903i4lkjasdf', 'http://www-scf.usc.edu/~csci201/images/ford_filer.jpg', false, true);
SELECT * FROM Users;

INSERT INTO Friends (facebookID, friendID) VALUES ('3weuhfdsu2j34f1d4', '4weuhfdsu2j34f1d4');
INSERT INTO Friends (facebookID, friendID) VALUES ('4weuhfdsu2j34f1d4', '3weuhfdsu2j34f1d4');
INSERT INTO Friends (facebookID, friendID) VALUES ('5weuhfdsu2j34f1d4', '4weuhfdsu2j34f1d4');
INSERT INTO Friends (facebookID, friendID) VALUES ('4weuhfdsu2j34f1d4', '5weuhfdsu2j34f1d4');
INSERT INTO Friends (facebookID, friendID) VALUES ('2weuhfdsu2j34f1d4', '2903i4lkjasdf');
INSERT INTO Friends (facebookID, friendID) VALUES ('2903i4lkjasdf', '2weuhfdsu2j34f1d4');
SELECT * FROM Friends;

INSERT INTO Surveys (facebookID, managementSurveyScore, amenitiesSurveyScore, locationSurveyScore, noiseSurveyScore, communityChillFactorSurveyScore) VALUES ('3weuhfdsu2j34f1d4', '5', '5', '5', '5', '5');
INSERT INTO Surveys (facebookID, managementSurveyScore, amenitiesSurveyScore, locationSurveyScore, noiseSurveyScore, communityChillFactorSurveyScore) VALUES ('4weuhfdsu2j34f1d4', '10', '4', '2', '6', '3');
INSERT INTO Surveys (facebookID, managementSurveyScore, amenitiesSurveyScore, locationSurveyScore, noiseSurveyScore, communityChillFactorSurveyScore) VALUES ('5weuhfdsu2j34f1d4', '5', '5', '5', '5', '5');
INSERT INTO Surveys (facebookID, managementSurveyScore, amenitiesSurveyScore, locationSurveyScore, noiseSurveyScore, communityChillFactorSurveyScore) VALUES ('2weuhfdsu2j34f1d4', '5', '5', '5', '5', '5');
INSERT INTO Surveys (facebookID, managementSurveyScore, amenitiesSurveyScore, locationSurveyScore, noiseSurveyScore, communityChillFactorSurveyScore) VALUES ('2903i4lkjasdf', '5', '5', '5', '5', '5');
SELECT * FROM Surveys;

INSERT INTO Reviews (housingKey, facebookID, textComment, managementScore, amenitiesScore, locationScore, noiseScore, communityChillFactorScore, timeWritten, rentPaid, tag1, tag3) VALUES ('1', '3weuhfdsu2j34f1d4', 'Nice apartment, but it\'s difficult to walk to campus.', '5', '5', '2', '3', '5', '2013-04-26 02:31:09', 800, true, true);
INSERT INTO Reviews (housingKey, facebookID, textComment, managementScore, amenitiesScore, locationScore, noiseScore, communityChillFactorScore, timeWritten, rentPaid, tag4, tag6) VALUES ('1', '2weuhfdsu2j34f1d4', 'I love the Lorenzo, it\'s awesome!', '5', '5', '2', '4', '5', '2014-04-26 02:31:09', 950, true, true);
INSERT INTO Reviews (housingKey, facebookID, textComment, managementScore, amenitiesScore, locationScore, noiseScore, communityChillFactorScore, timeWritten, rentPaid, tag2, tag1) VALUES ('1', '2903i4lkjasdf', 'Nice, but far from campus.', '5', '5', '2', '4', '5', '2015-04-26 02:31:09', 1000, true, true);
INSERT INTO Reviews (housingKey, facebookID, textComment, managementScore, amenitiesScore, locationScore, noiseScore, communityChillFactorScore, timeWritten, rentPaid, tag5, tag6) VALUES ('2', '2weuhfdsu2j34f1d4', 'Nothing out of the ordinary to comment on.', '4', '4', '4', '4', '4', now(), 950, true, true);
INSERT INTO Reviews (housingKey, facebookID, textComment, managementScore, amenitiesScore, locationScore, noiseScore, communityChillFactorScore, timeWritten, rentPaid, tag1, tag5) VALUES ('2', '3weuhfdsu2j34f1d4', 'Ok..', '3', '3', '3', '3', '3', now(), 950, true, true);
INSERT INTO Reviews (housingKey, facebookID, textComment, managementScore, amenitiesScore, locationScore, noiseScore, communityChillFactorScore, timeWritten, rentPaid, tag2, tag4) VALUES ('3', '5weuhfdsu2j34f1d4', 'Has everything I could ask for and more.', '5', '5', '5', '5', '5', now(), 1200, true, true);
INSERT INTO Reviews (housingKey, facebookID, textComment, managementScore, amenitiesScore, locationScore, noiseScore, communityChillFactorScore, timeWritten, rentPaid, tag3, tag2) VALUES ('3', '2903i4lkjasdf', 'Pretty close to campus, USC managed.', '4', '4', '4', '4', '4', now(), 1200, true, true);
INSERT INTO Reviews (housingKey, facebookID, textComment, managementScore, amenitiesScore, locationScore, noiseScore, communityChillFactorScore, timeWritten, rentPaid, tag4, tag2) VALUES ('4', '2903i4lkjasdf', ' ', '2', '4', '4', '4', '5', now(), 980, true, true);
INSERT INTO Reviews (housingKey, facebookID, textComment, managementScore, amenitiesScore, locationScore, noiseScore, communityChillFactorScore, timeWritten, rentPaid, tag5, tag1) VALUES ('5', '3weuhfdsu2j34f1d4', 'Newly remodeled common patio area is quite nice.', '2', '5', '5', '4', '5', now(), 1300, true, true);
INSERT INTO Reviews (housingKey, facebookID, textComment, managementScore, amenitiesScore, locationScore, noiseScore, communityChillFactorScore, timeWritten, rentPaid, tag6, tag2) VALUES ('6', '3weuhfdsu2j34f1d4', 'Cardinal Gardens is great.', '5', '5', '4', '4', '5', now(), 800, true, true);
INSERT INTO Reviews (housingKey, facebookID, textComment, managementScore, amenitiesScore, locationScore, noiseScore, communityChillFactorScore, timeWritten, rentPaid, tag1, tag5) VALUES ('7', '4weuhfdsu2j34f1d4', 'Brings back memories.', '5', '5', '5', '5', '5', now(), 1250, true, true);
INSERT INTO Reviews (housingKey, facebookID, textComment, managementScore, amenitiesScore, locationScore, noiseScore, communityChillFactorScore, timeWritten, rentPaid, tag2, tag4) VALUES ('7', '5weuhfdsu2j34f1d4', 'Standard dorm experience. Great!', '5', '5', '5', '5', '5', now(), 999, true, true);
INSERT INTO Reviews (housingKey, facebookID, textComment, managementScore, amenitiesScore, locationScore, noiseScore, communityChillFactorScore, timeWritten, rentPaid, tag3, tag1) VALUES ('8', '2weuhfdsu2j34f1d4', 'Agree with everyone else -- standard dorm experience. Can\'t complain.', '5', '5', '5', '4', '5', now(), 1020, true, true);
INSERT INTO Reviews (housingKey, facebookID, textComment, managementScore, amenitiesScore, locationScore, noiseScore, communityChillFactorScore, timeWritten, rentPaid, tag4, tag2) VALUES ('8', '3weuhfdsu2j34f1d4', 'It\'s name is perfect.', '5', '5', '5', '5', '5', now(), 1020, true, true);
INSERT INTO Reviews (housingKey, facebookID, textComment, managementScore, amenitiesScore, locationScore, noiseScore, communityChillFactorScore, timeWritten, rentPaid, tag5, tag1) VALUES ('8', '4weuhfdsu2j34f1d4', 'Trojan Hall has a bad rep, but it\'s actually pretty good.', '5', '5', '5', '5', '4', now(), 1020, true, true);
INSERT INTO Reviews (housingKey, facebookID, textComment, managementScore, amenitiesScore, locationScore, noiseScore, communityChillFactorScore, timeWritten, rentPaid, tag6, tag4) VALUES ('9', '3weuhfdsu2j34f1d4', 'I didn\'t like living here.', '4', '4', '2', '1', '3', now(), 1020, true, true);
INSERT INTO Reviews (housingKey, facebookID, textComment, managementScore, amenitiesScore, locationScore, noiseScore, communityChillFactorScore, timeWritten, rentPaid, tag1, tag3) VALUES ('9', '2weuhfdsu2j34f1d4', 'Decent place to live.', '4', '5', '4', '3', '4', now(), 1020, true, true);
INSERT INTO Reviews (housingKey, facebookID, textComment, managementScore, amenitiesScore, locationScore, noiseScore, communityChillFactorScore, timeWritten, rentPaid, tag2, tag1) VALUES ('10', '2903i4lkjasdf', 'Known as the party dorm at USC. Has great people, but not the best place if you want to study in your dorm.', '5', '4', '5', '3', '5', now(), 800, true, true);
INSERT INTO Reviews (housingKey, facebookID, textComment, managementScore, amenitiesScore, locationScore, noiseScore, communityChillFactorScore, timeWritten, rentPaid, tag3, tag5) VALUES ('10', '3weuhfdsu2j34f1d4', 'Somewhere needs a bad review.. I didn\'t really like it.', '1', '1', '1', '1', '1', now(), 1020, true, true);
INSERT INTO Reviews (housingKey, facebookID, textComment, managementScore, amenitiesScore, locationScore, noiseScore, communityChillFactorScore, timeWritten, rentPaid, tag4, tag6) VALUES ('11', '4weuhfdsu2j34f1d4', 'Nice location, quite historic.', '5', '5', '5', '1', '3', now(), 700, true, true);
INSERT INTO Reviews (housingKey, facebookID, textComment, managementScore, amenitiesScore, locationScore, noiseScore, communityChillFactorScore, timeWritten, rentPaid, tag5, tag2) VALUES ('11', '3weuhfdsu2j34f1d4', 'Oldest building at USC.', '5', '5', '5', '5', '4', now(), 700, true, true);
INSERT INTO Reviews (housingKey, facebookID, textComment, managementScore, amenitiesScore, locationScore, noiseScore, communityChillFactorScore, timeWritten, rentPaid, tag6, tag2) VALUES ('12', '2weuhfdsu2j34f1d4', 'Nothing special, quite cheap.', '5', '5', '5', '4', '5', now(), 75, true, true);
INSERT INTO Reviews (housingKey, facebookID, textComment, managementScore, amenitiesScore, locationScore, noiseScore, communityChillFactorScore, timeWritten, rentPaid, tag1, tag3) VALUES ('12', '4weuhfdsu2j34f1d4', 'Some students spend too much time here and it gets weird.', '4', '2', '4', '4', '4', now(), 75, true, true);
INSERT INTO Reviews (housingKey, facebookID, textComment, managementScore, amenitiesScore, locationScore, noiseScore, communityChillFactorScore, timeWritten, rentPaid, tag2, tag6) VALUES ('12', '2weuhfdsu2j34f1d4', 'Would probably recommend finding somewhere else..', '4', '2', '5', '3', '3', now(), 75, true, true);
INSERT INTO Reviews (housingKey, facebookID, textComment, managementScore, amenitiesScore, locationScore, noiseScore, communityChillFactorScore, timeWritten, rentPaid, tag3, tag5) VALUES ('12', '3weuhfdsu2j34f1d4', 'I approve of SAL.', '4', '2', '5', '3', '3', now(), 75, true, true);
SELECT * FROM Reviews;
